,lp_id,type_id
0,3,5
1,4,25
2,5,12
3,8,8
4,9,26
5,10,8
6,14,12
7,15,12
8,16,23
9,18,26
10,19,5
11,20,5
12,23,12
13,24,5
14,25,8
15,26,5
16,27,5
17,28,5
18,30,1
19,31,5
20,32,12
21,33,12
22,34,12
23,35,12
24,37,12
25,38,12
26,40,12
27,41,12
28,42,26
29,45,8
30,48,4
31,50,25
32,54,26
33,55,3
34,59,5
35,60,1
36,62,26
37,64,4
38,65,5
39,66,5
40,67,26
41,68,1
42,71,26
43,72,12
44,73,12
45,74,5
46,75,26
47,76,5
48,78,5
49,81,5
50,82,5
51,83,5
52,84,12
53,85,12
54,86,12
55,87,12
56,89,5
57,90,17
58,91,5
59,92,5
60,93,12
61,94,12
62,95,5
63,96,5
64,97,12
65,98,12
66,99,12
67,100,5
68,101,12
69,107,12
70,110,12
71,111,5
72,112,5
73,113,5
74,114,5
75,115,5
76,116,5
77,117,12
78,118,12
79,119,5
80,121,25
81,122,26
82,124,5
83,127,8
84,128,26
85,129,12
86,130,5
87,131,3
88,132,5
89,133,26
90,135,12
91,136,26
92,137,5
93,139,26
94,143,12
95,145,26
96,146,26
97,147,26
98,148,3
99,150,5
100,152,5
101,153,26
102,154,5
103,155,5
104,157,26
105,158,26
106,160,26
107,161,5
108,162,5
109,164,5
110,165,26
111,166,5
112,167,26
113,168,12
114,170,26
115,172,12
116,174,26
117,175,9
118,177,12
119,178,5
120,179,26
121,180,5
122,182,26
123,184,5
124,186,26
125,188,5
126,189,5
127,190,5
128,191,5
129,193,5
130,194,26
131,196,5
132,198,5
133,199,5
134,201,12
135,202,5
136,203,5
137,205,8
138,206,5
139,207,5
140,208,12
141,209,3
142,210,9
143,212,26
144,213,5
145,215,12
146,216,12
147,217,12
148,218,5
149,219,5
150,220,26
151,221,12
152,223,26
153,224,12
154,226,12
155,227,12
156,229,5
157,232,26
158,233,9
159,234,12
160,236,3
161,237,5
162,238,5
163,239,5
164,240,5
165,241,5
166,243,5
167,244,5
168,245,5
169,249,12
170,250,5
171,251,12
172,253,25
173,255,26
174,257,26
175,258,12
176,262,5
177,263,12
178,265,8
179,266,26
180,267,5
181,268,12
182,270,12
183,271,12
184,272,12
185,273,12
186,274,12
187,275,5
188,276,12
189,282,12
190,283,5
191,284,3
192,285,12
193,286,5
194,287,5
195,288,5
196,289,8
197,290,5
198,291,5
199,293,26
200,294,23
201,295,5
202,296,5
203,297,12
204,300,8
205,302,23
206,303,26
207,304,23
208,305,12
209,306,3
210,307,17
211,309,5
212,311,8
213,314,5
214,315,5
215,316,25
216,318,5
217,320,12
218,321,4
219,322,8
220,323,26
221,324,12
222,325,12
223,327,27
224,328,26
225,329,12
226,330,5
227,331,1
228,336,12
229,337,26
230,338,5
231,340,26
232,341,8
233,343,9
234,344,12
235,347,12
236,349,12
237,350,12
238,351,23
239,352,12
240,354,9
241,355,12
242,356,3
243,357,12
244,359,12
245,362,23
246,364,8
247,366,26
248,368,26
249,369,8
250,370,3
251,371,12
252,372,12
253,373,5
254,374,1
255,375,9
256,377,3
257,379,5
258,381,12
259,383,12
260,384,1
261,386,5
262,387,12
263,388,5
264,389,8
265,390,5
266,392,26
267,394,12
268,396,12
269,397,26
270,399,3
271,401,5
272,403,12
273,404,5
274,405,5
275,408,5
276,409,5
277,410,5
278,414,26
279,415,12
280,416,12
281,417,12
282,418,12
283,420,12
284,422,26
285,423,1
286,426,26
287,427,1
288,428,4
289,429,8
290,432,12
291,433,12
292,434,12
293,436,23
294,437,5
295,441,12
296,443,26
297,445,25
298,449,26
299,450,5
300,451,8
301,452,12
302,453,12
303,454,12
304,455,12
305,456,12
306,457,25
307,458,8
308,460,12
309,461,5
310,463,5
311,465,26
312,466,12
313,467,12
314,469,26
315,470,12
316,471,12
317,472,26
318,474,12
319,475,5
320,476,5
321,477,8
322,478,5
323,480,5
324,481,5
325,482,5
326,483,26
327,484,26
328,486,3
329,487,26
330,489,5
331,490,5
332,492,12
333,495,5
334,497,26
335,498,8
336,499,26
337,500,12
338,502,12
339,504,26
340,506,26
341,507,5
342,508,5
343,509,5
344,510,5
345,511,5
346,512,5
347,513,5
348,514,5
349,515,5
350,516,5
351,517,5
352,518,5
353,519,5
354,520,5
355,521,5
356,522,5
357,523,5
358,524,5
359,525,5
360,526,8
361,527,26
362,528,12
363,530,5
364,531,5
365,532,5
366,533,5
367,535,26
368,536,12
369,537,5
370,538,26
371,539,5
372,540,5
373,541,5
374,542,12
375,543,17
376,544,5
377,545,5
378,546,8
379,548,5
380,549,12
381,550,12
382,552,12
383,553,12
384,554,4
385,556,5
386,559,12
387,560,5
388,561,4
389,562,25
390,563,5
391,564,12
392,566,12
393,567,26
394,568,5
395,569,26
396,572,1
397,573,17
398,578,12
399,581,12
400,584,12
401,586,12
402,587,12
403,588,12
404,589,12
405,591,12
406,592,12
407,593,12
408,594,26
409,596,23
410,597,12
411,598,26
412,599,12
413,600,12
414,603,23
415,604,12
416,607,12
417,609,12
418,610,12
419,611,12
420,612,5
421,617,5
422,619,12
423,620,5
424,625,12
425,627,5
426,630,5
427,631,5
428,632,5
429,633,12
430,634,26
431,636,12
432,639,5
433,640,12
434,641,5
435,644,5
436,645,5
437,646,5
438,647,5
439,648,5
440,653,5
441,654,5
442,655,5
443,656,5
444,657,5
445,663,12
446,664,5
447,667,5
448,669,5
449,670,5
450,671,5
451,673,5
452,674,5
453,675,5
454,676,5
455,677,5
456,681,5
457,683,5
458,686,18
459,687,5
460,688,5
461,689,5
462,691,5
463,692,5
464,693,3
465,694,5
466,695,5
467,698,5
468,700,5
469,701,5
470,702,5
471,706,5
472,707,5
473,708,5
474,709,5
475,711,5
476,714,5
477,715,5
478,716,5
479,717,5
480,719,5
481,720,5
482,721,5
483,722,5
484,723,5
485,724,5
486,725,5
487,726,5
488,727,5
489,728,5
490,732,5
491,733,5
492,734,5
493,735,5
494,739,5
495,740,5
496,741,9
497,742,5
498,745,5
499,747,5
500,751,5
501,752,5
502,754,5
503,758,5
504,761,5
505,763,5
506,764,5
507,766,5
508,770,5
509,771,5
510,772,5
511,773,5
512,774,5
513,775,5
514,776,5
515,778,5
516,779,5
517,780,5
518,781,5
519,782,5
520,783,5
521,784,5
522,785,5
523,789,5
524,790,5
525,791,5
526,794,5
527,795,5
528,796,5
529,797,5
530,798,5
531,799,5
532,800,5
533,801,5
534,802,5
535,804,5
536,806,5
537,808,5
538,809,17
539,810,5
540,813,5
541,814,8
542,815,8
543,817,8
544,820,8
545,822,8
546,823,26
547,826,8
548,828,8
549,829,8
550,832,8
551,833,8
552,839,8
553,846,8
554,850,8
555,851,27
556,852,26
557,854,25
558,861,12
559,867,9
560,868,8
561,876,17
562,880,26
563,885,26
564,886,1
565,888,8
566,889,26
567,892,4
568,893,9
569,901,13
570,902,1
571,903,26
572,911,26
573,914,1
574,915,1
575,916,26
576,921,1
577,927,26
578,928,8
579,929,5
580,933,26
581,935,26
582,939,5
583,941,26
584,942,3
585,944,5
586,946,25
587,950,9
588,954,1
589,959,5
590,965,3
591,975,26
592,978,17
593,979,25
594,987,26
595,996,26
596,997,8
597,1004,13
598,1005,17
599,1008,26
600,1013,17
601,1015,26
602,1018,17
603,1020,5
604,1022,26
605,1025,26
606,1033,26
607,1034,3
608,1039,26
609,1040,25
610,1041,3
611,1043,26
612,1045,17
613,1046,4
614,1049,9
615,1053,26
616,1056,17
617,1057,25
618,1065,17
619,1067,9
620,1071,17
621,1075,26
622,1079,1
623,1082,26
624,1084,5
625,1086,5
626,1088,8
627,1089,12
628,1097,26
629,1100,26
630,1101,26
631,1102,3
632,1103,26
633,1106,26
634,1107,26
635,1109,26
636,1116,26
637,1117,26
638,1118,26
639,1124,26
640,1128,26
641,1130,26
642,1137,26
643,1139,26
644,1145,25
645,1148,25
646,1150,5
647,1151,26
648,1155,26
649,1160,1
650,1162,1
651,1172,3
652,1173,26
653,1176,26
654,1177,3
655,1181,1
656,1183,26
657,1192,25
658,1194,26
659,1196,3
660,1197,25
661,1198,9
662,1202,26
663,1203,26
664,1211,1
665,1217,8
666,1218,9
667,1220,12
668,1221,25
669,1223,25
670,1228,1
671,1236,26
672,1239,25
673,1241,9
674,1245,12
675,1247,23
676,1248,23
677,1250,3
678,1255,8
679,1260,17
680,1261,23
681,1262,1
682,1264,1
683,1273,17
684,1277,9
685,1284,25
686,1286,8
687,1290,25
688,1292,9
689,1299,1
690,1301,25
691,1307,25
692,1308,26
693,1315,3
694,1317,26
695,1318,27
696,1323,9
697,1324,9
698,1325,9
699,1326,17
700,1327,17
701,1328,25
702,1329,8
703,1330,1
704,1331,8
705,1333,17
706,1335,12
707,1340,25
708,1349,1
709,1355,25
710,1357,26
711,1358,4
712,1359,4
713,1361,3
714,1362,4
715,1366,12
716,1371,26
717,1372,1
718,1375,8
719,1376,27
720,1379,12
721,1382,27
722,1386,1
723,1389,1
724,1392,8
725,1393,1
726,1399,12
727,1402,9
728,1405,9
729,1409,8
730,1410,23
731,1414,8
732,1417,5
733,1422,8
734,1427,9
735,1433,12
736,1435,8
737,1438,23
738,1441,25
739,1447,1
740,1451,26
741,1461,18
742,1462,9
743,1466,9
744,1468,8
745,1470,1
746,1471,8
747,1472,9
748,1473,3
749,1474,26
750,1476,8
751,1478,5
752,1479,26
753,1480,12
754,1481,1
755,1483,26
756,1487,12
757,1488,12
758,1491,12
759,1492,12
760,1493,12
761,1494,12
762,1495,12
763,1497,12
764,1498,12
765,1499,12
766,1500,12
767,1507,3
768,1509,26
769,1510,12
770,1511,12
771,1512,12
772,1513,12
773,1514,12
774,1515,12
775,1516,12
776,1517,12
777,1518,12
778,1519,25
779,1520,25
780,1521,3
781,1522,25
782,1523,3
783,1524,8
784,1525,3
785,1527,8
786,1528,12
787,1529,12
788,1530,12
789,1531,12
790,1533,12
791,1534,12
792,1535,12
793,1538,3
794,1540,3
795,1541,3
796,1542,3
797,1544,3
798,1548,17
799,1549,5
800,1551,25
801,1555,25
802,1556,25
803,1559,1
804,1561,25
805,1562,25
806,1569,9
807,1572,5
808,1573,4
809,1574,23
810,1579,1
811,1582,8
812,1586,9
813,1587,9
814,1588,9
815,1595,12
816,1596,17
817,1597,4
818,1598,8
819,1600,5
820,1603,9
821,1607,4
822,1610,1
823,1615,4
824,1618,5
825,1623,5
826,1625,25
827,1626,25
828,1628,9
829,1633,17
830,1635,25
831,1640,25
832,1649,25
833,1650,25
834,1651,8
835,1655,4
836,1657,12
837,1658,4
838,1663,25
839,1665,4
840,1671,1
841,1672,17
842,1675,12
843,1676,5
844,1678,25
845,1679,12
846,1683,9
847,1687,25
848,1688,17
849,1690,9
850,1695,26
851,1697,12
852,1698,12
853,1699,5
854,1702,9
855,1706,17
856,1708,17
857,1709,25
858,1710,23
859,1713,4
860,1716,18
861,1718,1
862,1721,17
863,1722,1
864,1723,12
865,1724,23
866,1725,5
867,1726,5
868,1727,9
869,1728,5
870,1729,5
871,1732,9
872,1733,9
873,1734,8
874,1735,1
875,1736,26
876,1737,9
877,1738,25
878,1739,13
879,1742,9
880,1745,13
881,1747,17
882,1748,17
883,1751,17
884,1752,12
885,1754,9
886,1757,17
887,1758,5
888,1761,8
889,1762,1
890,1764,12
891,1767,18
892,1768,8
893,1770,25
894,1777,12
895,1779,25
896,1780,17
897,1782,12
898,1784,27
899,1786,5
900,1791,26
901,1796,26
902,1798,12
903,1799,12
904,1800,12
905,1801,17
906,1802,9
907,1806,8
908,1807,25
909,1809,1
910,1811,5
911,1814,25
912,1816,12
913,1818,25
914,1819,12
915,1821,12
916,1822,26
917,1824,12
918,1827,12
919,1830,9
920,1831,1
921,1832,17
922,1837,18
923,1839,12
924,1840,8
925,1841,3
926,1844,5
927,1846,23
928,1847,9
929,1848,12
930,1849,12
931,1851,26
932,1854,5
933,1855,5
934,1857,26
935,1864,25
936,1866,4
937,1867,12
938,1868,26
939,1869,3
940,1870,26
941,1873,25
942,1874,12
943,1875,12
944,1876,12
945,1877,5
946,1878,5
947,1879,12
948,1880,5
949,1881,12
950,1882,12
951,1884,5
952,1885,17
953,1886,12
954,1888,12
955,1889,12
956,1891,9
957,1892,26
958,1894,12
959,1895,26
960,1897,9
961,1899,27
962,1900,12
963,1903,12
964,1905,12
965,1907,26
966,1908,5
967,1911,4
968,1913,12
969,1914,9
970,1915,12
971,1917,25
972,1919,23
973,1920,12
974,1921,5
975,1923,25
976,1924,4
977,1925,12
978,1926,12
979,1929,12
980,1930,26
981,1933,26
982,1934,26
983,1935,12
984,1936,12
985,1939,26
986,1940,4
987,1941,12
988,1943,12
989,1946,8
990,1947,12
991,1952,1
992,1958,12
993,1959,12
994,1961,12
995,1962,25
996,1966,27
997,1968,27
998,1970,25
999,1971,25
1000,1972,26
1001,1974,17
1002,1978,12
1003,1985,8
1004,1986,1
1005,1988,12
1006,1992,8
1007,1995,26
1008,2000,26
1009,2002,5
1010,2005,25
1011,2011,17
1012,2015,12
1013,2017,1
1014,2019,5
1015,2020,8
1016,2021,12
1017,2025,23
1018,2026,23
1019,2027,23
1020,2029,26
1021,2030,26
1022,2031,12
1023,2034,26
1024,2037,26
1025,2041,17
1026,2042,9
1027,2043,9
1028,2044,4
1029,2045,25
1030,2046,5
1031,2048,5
1032,2049,5
1033,2050,5
1034,2053,5
1035,2055,5
1036,2056,5
1037,2060,8
1038,2061,12
1039,2062,12
1040,2063,26
1041,2064,4
1042,2065,9
1043,2069,17
1044,2070,5
1045,2071,12
1046,2072,12
1047,2074,1
1048,2076,12
1049,2077,12
1050,2078,5
1051,2079,12
1052,2080,5
1053,2081,26
1054,2082,8
1055,2083,8
1056,2084,12
1057,2087,12
1058,2088,17
1059,2089,12
1060,2093,12
1061,2094,5
1062,2095,5
1063,2097,18
1064,2098,26
1065,2101,26
1066,2103,12
1067,2104,5
1068,2105,5
1069,2106,12
1070,2110,12
1071,2113,12
1072,2118,5
1073,2131,23
1074,2132,12
1075,2135,12
1076,2136,12
1077,2140,12
1078,2145,12
1079,2146,13
1080,2148,12
1081,2149,12
1082,2150,12
1083,2151,12
1084,2152,12
1085,2154,5
1086,2157,12
1087,2161,1
1088,2164,12
1089,2167,26
1090,2170,3
1091,2171,3
1092,2175,1
1093,2176,23
1094,2177,1
1095,2180,12
1096,2187,12
1097,2189,12
1098,2190,12
1099,2192,3
1100,2193,8
1101,2194,3
1102,2200,12
1103,2201,12
1104,2204,1
1105,2206,12
1106,2207,3
1107,2210,12
1108,2211,12
1109,2213,8
1110,2215,12
1111,2220,1
1112,2221,26
1113,2224,12
1114,2228,12
1115,2235,9
1116,2237,3
1117,2238,26
1118,2239,26
1119,2240,8
1120,2242,4
1121,2243,12
1122,2244,5
1123,2245,5
1124,2246,5
1125,2247,5
1126,2248,26
1127,2249,5
1128,2252,5
1129,2253,5
1130,2254,1
1131,2255,9
1132,2259,8
1133,2261,12
1134,2263,12
1135,2264,12
1136,2265,5
1137,2272,5
1138,2274,12
1139,2275,12
1140,2276,25
1141,2279,5
1142,2280,3
1143,2281,26
1144,2282,26
1145,2283,12
1146,2284,5
1147,2287,1
1148,2292,5
1149,2295,5
1150,2296,5
1151,2297,5
1152,2298,5
1153,2299,5
1154,2300,9
1155,2302,18
1156,2308,5
1157,2309,5
1158,2310,17
1159,2311,5
1160,2312,26
1161,2314,5
1162,2316,12
1163,2317,12
1164,2318,12
1165,2319,3
1166,2324,9
1167,2325,12
1168,2326,25
1169,2327,12
1170,2329,12
1171,2331,1
1172,2333,9
1173,2334,25
1174,2338,8
1175,2339,8
1176,2340,8
1177,2342,12
1178,2344,12
1179,2345,26
1180,2346,25
1181,2347,17
1182,2351,17
1183,2352,1
1184,2353,9
1185,2356,17
1186,2358,26
1187,2360,5
1188,2362,8
1189,2364,12
1190,2370,26
1191,2377,12
1192,2394,5
1193,2396,1
1194,2398,25
1195,2399,12
1196,2401,5
1197,2402,12
1198,2403,12
1199,2409,12
1200,2414,26
1201,2416,26
1202,2423,12
1203,2424,12
1204,2430,12
1205,2431,12
1206,2434,12
1207,2439,12
1208,2445,9
1209,2449,26
1210,2453,26
1211,2457,12
1212,2458,12
1213,2464,5
1214,2465,12
1215,2469,12
1216,2472,12
1217,2475,9
1218,2477,12
1219,2479,12
1220,2480,3
1221,2481,3
1222,2485,8
1223,2489,12
1224,2491,26
1225,2495,3
1226,2496,25
1227,2497,3
1228,2498,12
1229,2501,3
1230,2502,12
1231,2503,1
1232,2504,3
1233,2507,12
1234,2510,3
1235,2512,25
1236,2513,25
1237,2515,25
1238,2518,25
1239,2519,9
1240,2522,4
1241,2524,3
1242,2528,5
1243,2532,12
1244,2533,12
1245,2535,9
1246,2536,1
1247,2539,12
1248,2540,12
1249,2544,1
1250,2546,13
1251,2547,1
1252,2548,26
1253,2549,12
1254,2551,26
1255,2552,26
1256,2553,12
1257,2555,8
1258,2558,12
1259,2561,25
1260,2563,5
1261,2568,12
1262,2569,8
1263,2570,27
1264,2571,8
1265,2572,8
1266,2573,12
1267,2574,23
1268,2575,8
1269,2576,12
1270,2577,9
1271,2578,8
1272,2579,8
1273,2582,5
1274,2583,8
1275,2585,12
1276,2586,1
1277,2588,1
1278,2590,17
1279,2596,12
1280,2597,1
1281,2599,3
1282,2600,9
1283,2603,25
1284,2604,9
1285,2607,26
1286,2610,12
1287,2614,12
1288,2615,12
1289,2616,5
1290,2623,12
1291,2625,12
1292,2630,12
1293,2631,12
1294,2632,17
1295,2638,26
1296,2648,12
1297,2651,26
1298,2654,1
1299,2655,9
1300,2656,12
1301,2661,1
1302,2663,5
1303,2668,3
1304,2669,23
1305,2675,23
1306,2676,5
1307,2687,23
1308,2690,3
1309,2691,8
1310,2695,9
1311,2696,8
1312,2704,8
1313,2705,3
1314,2709,25
1315,2712,5
1316,2714,5
1317,2719,8
1318,2735,25
1319,2737,3
1320,2738,17
1321,2750,8
1322,2751,5
1323,2754,3
1324,2755,9
1325,2768,4
1326,2770,3
1327,2778,5
1328,2780,26
1329,2781,5
1330,2786,26
1331,2787,12
1332,2788,3
1333,2790,17
1334,2791,8
1335,2794,26
1336,2796,25
1337,2797,5
1338,2800,26
1339,2801,26
1340,2802,5
1341,2804,5
1342,2806,5
1343,2807,3
1344,2808,5
1345,2809,5
1346,2811,9
1347,2817,3
1348,2818,3
1349,2819,5
1350,2820,9
1351,2823,26
1352,2827,1
1353,2829,13
1354,2831,12
1355,2833,26
1356,2835,5
1357,2838,1
1358,2839,26
1359,2841,26
1360,2842,26
1361,2844,26
1362,2845,5
1363,2847,5
1364,2848,5
1365,2851,13
1366,2852,5
1367,2853,5
1368,2854,26
1369,2855,5
1370,2857,5
1371,2861,25
1372,2862,4
1373,2863,25
1374,2864,12
1375,2865,26
1376,2866,5
1377,2869,5
1378,2870,26
1379,2872,18
1380,2873,5
1381,2874,3
1382,2875,1
1383,2876,3
1384,2877,1
1385,2879,13
1386,2880,3
1387,2884,8
1388,2887,8
1389,2889,5
1390,2890,17
1391,2894,5
1392,2898,17
1393,2901,9
1394,2903,13
1395,2905,5
1396,2906,25
1397,2907,17
1398,2912,17
1399,2915,1
1400,2916,12
1401,2921,1
1402,2925,5
1403,2926,5
1404,2932,3
1405,2934,9
1406,2942,3
1407,2949,26
1408,2951,1
1409,2965,17
1410,2974,12
1411,2977,1
1412,2978,17
1413,2987,9
1414,2994,9
1415,2995,5
1416,3004,1
1417,3005,1
1418,3007,3
1419,3017,27
1420,3018,5
1421,3030,1
1422,3034,3
1423,3038,25
1424,3049,8
1425,3052,25
1426,3065,1
1427,3068,23
1428,3070,1
1429,3073,4
1430,3075,12
1431,3079,23
1432,3083,25
1433,3087,1
1434,3098,26
1435,3102,1
1436,3103,5
1437,3104,1
1438,3105,5
1439,3114,8
1440,3119,3
1441,3121,9
1442,3122,1
1443,3123,25
1444,3124,1
1445,3129,5
1446,3131,12
1447,3142,4
1448,3145,17
1449,3147,25
1450,3155,9
1451,3156,1
1452,3160,13
1453,3163,5
1454,3165,1
1455,3167,5
1456,3169,5
1457,3170,5
1458,3173,3
1459,3176,5
1460,3181,1
1461,3183,25
1462,3188,8
1463,3195,9
1464,3196,4
1465,3197,9
1466,3205,12
1467,3208,12
1468,3211,4
1469,3212,5
1470,3213,5
1471,3215,3
1472,3216,23
1473,3220,4
1474,3221,3
1475,3222,4
1476,3224,4
1477,3231,25
1478,3234,3
1479,3235,23
1480,3238,25
1481,3244,27
1482,3245,8
1483,3246,25
1484,3247,1
1485,3251,9
1486,3254,12
1487,3255,12
1488,3265,9
1489,3273,12
1490,3276,9
1491,3286,5
1492,3290,12
1493,3292,5
1494,3293,12
1495,3294,17
1496,3295,5
1497,3296,3
1498,3297,5
1499,3298,13
1500,3299,23
1501,3300,3
1502,3301,25
1503,3302,25
1504,3305,26
1505,3307,5
1506,3308,12
1507,3311,26
1508,3312,5
1509,3313,26
1510,3316,1
1511,3318,3
1512,3329,25
1513,3335,25
1514,3337,9
1515,3339,25
1516,3344,9
1517,3347,26
1518,3355,26
1519,3357,3
1520,3358,3
1521,3362,3
1522,3365,4
1523,3367,23
1524,3368,5
1525,3371,4
1526,3375,5
1527,3377,25
1528,3378,12
1529,3379,26
1530,3380,12
1531,3381,5
1532,3384,5
1533,3388,9
1534,3390,4
1535,3391,3
1536,3394,3
1537,3395,3
1538,3397,12
1539,3399,5
1540,3400,26
1541,3406,4
1542,3411,5
1543,3412,5
1544,3413,12
1545,3414,26
1546,3416,1
1547,3417,4
1548,3420,4
1549,3422,4
1550,3423,4
1551,3424,1
1552,3428,4
1553,3430,12
1554,3431,4
1555,3433,9
1556,3435,13
1557,3438,1
1558,3439,9
1559,3440,9
1560,3444,4
1561,3445,5
1562,3446,4
1563,3447,1
1564,3451,4
1565,3453,9
1566,3457,4
1567,3458,4
1568,3460,1
1569,3465,3
1570,3468,13
1571,3469,4
1572,3471,4
1573,3475,25
1574,3477,1
1575,3478,4
1576,3479,1
1577,3480,4
1578,3485,13
1579,3486,4
1580,3487,12
1581,3488,5
1582,3490,4
1583,3493,4
1584,3494,4
1585,3497,5
1586,3499,9
1587,3500,12
1588,3501,1
1589,3503,1
1590,3504,4
1591,3505,13
1592,3506,9
1593,3507,5
1594,3508,5
1595,3509,5
1596,3510,5
1597,3513,1
1598,3517,1
1599,3522,9
1600,3525,5
1601,3528,25
1602,3531,1
1603,3533,27
1604,3534,23
1605,3535,25
1606,3537,4
1607,3538,4
1608,3539,4
1609,3541,9
1610,3542,9
1611,3545,1
1612,3559,9
1613,3560,3
1614,3565,1
1615,3568,17
1616,3570,4
1617,3571,9
1618,3576,17
1619,3577,17
1620,3579,23
1621,3584,25
1622,3588,12
1623,3589,12
1624,3590,18
1625,3594,4
1626,3595,18
1627,3600,4
1628,3604,12
1629,3612,9
1630,3613,12
1631,3616,5
1632,3618,4
1633,3619,12
1634,3622,1
1635,3625,25
1636,3628,4
1637,3631,4
1638,3637,3
1639,3638,4
1640,3639,9
1641,3641,9
1642,3647,3
1643,3652,1
1644,3653,1
1645,3654,4
1646,3656,27
1647,3659,1
1648,3662,25
1649,3664,5
1650,3665,17
1651,3667,12
1652,3668,1
1653,3670,13
1654,3671,1
1655,3672,25
1656,3676,3
1657,3677,4
1658,3679,3
1659,3681,13
1660,3682,25
1661,3683,26
1662,3685,9
1663,3687,17
1664,3691,12
1665,3693,4
1666,3701,3
1667,3704,9
1668,3705,8
1669,3709,5
1670,3711,8
1671,3712,25
1672,3714,5
1673,3715,5
1674,3718,25
1675,3719,12
1676,3722,9
1677,3724,9
1678,3727,5
1679,3729,8
1680,3730,9
1681,3733,4
1682,3735,5
1683,3743,4
1684,3745,23
1685,3746,23
1686,3747,23
1687,3748,4
1688,3750,26
1689,3751,25
1690,3754,25
1691,3755,26
1692,3756,8
1693,3759,25
1694,3760,25
1695,3761,3
1696,3762,26
1697,3763,25
1698,3767,25
1699,3775,5
1700,3778,17
1701,3779,4
1702,3780,25
1703,3781,5
1704,3783,25
1705,3786,25
1706,3787,5
1707,3788,25
1708,3789,5
1709,3790,3
1710,3792,5
1711,3793,5
1712,3794,5
1713,3799,5
1714,3801,3
1715,3805,1
1716,3806,12
1717,3808,17
1718,3811,3
1719,3812,5
1720,3814,5
1721,3816,5
1722,3817,9
1723,3818,25
1724,3819,12
1725,3820,5
1726,3822,17
1727,3824,12
1728,3825,8
1729,3826,5
1730,3828,17
1731,3829,17
1732,3831,3
1733,3832,3
1734,3833,1
1735,3837,9
1736,3839,5
1737,3842,5
1738,3843,5
1739,3845,5
1740,3847,12
1741,3851,9
1742,3852,5
1743,3853,12
1744,3854,5
1745,3858,26
1746,3861,12
1747,3863,8
1748,3866,9
1749,3867,5
1750,3868,5
1751,3869,5
1752,3870,3
1753,3871,5
1754,3874,5
1755,3876,18
1756,3877,12
1757,3879,26
1758,3880,5
1759,3881,3
1760,3883,26
1761,3884,5
1762,3885,17
1763,3886,17
1764,3889,9
1765,3890,5
1766,3891,5
1767,3892,9
1768,3893,5
1769,3894,5
1770,3896,3
1771,3897,5
1772,3898,3
1773,3899,3
1774,3900,5
1775,3901,9
1776,3902,27
1777,3904,5
1778,3905,12
1779,3906,25
1780,3907,3
1781,3910,3
1782,3911,9
1783,3912,3
1784,3913,3
1785,3915,3
1786,3916,26
1787,3918,5
1788,3919,1
1789,3923,3
1790,3924,12
1791,3925,3
1792,3929,25
1793,3932,5
1794,3933,5
1795,3934,12
1796,3935,5
1797,3936,3
1798,3937,5
1799,3938,5
1800,3940,9
1801,3944,1
1802,3945,5
1803,3948,3
1804,3949,5
1805,3951,13
1806,3953,12
1807,3954,12
1808,3955,5
1809,3956,8
1810,3958,9
1811,3959,5
1812,3960,5
1813,3961,5
1814,3962,25
1815,3963,25
1816,3965,5
1817,3966,25
1818,3968,25
1819,3969,25
1820,3972,5
1821,3973,3
1822,3974,26
1823,3975,3
1824,3976,5
1825,3977,26
1826,3978,9
1827,3985,5
1828,3988,13
1829,3989,25
1830,3991,3
1831,3992,5
1832,3994,5
1833,3996,25
1834,3998,3
1835,3999,5
1836,4002,25
1837,4005,5
1838,4008,5
1839,4010,25
1840,4011,5
1841,4012,4
1842,4013,1
1843,4018,1
1844,4019,1
1845,4020,25
1846,4024,8
1847,4028,9
1848,4036,5
1849,4037,26
1850,4038,5
1851,4040,5
1852,4042,5
1853,4044,17
1854,4046,4
1855,4048,5
1856,4053,12
1857,4055,12
1858,4056,4
1859,4059,5
1860,4060,17
1861,4061,5
1862,4062,25
1863,4063,5
1864,4064,5
1865,4065,8
1866,4068,5
1867,4072,12
1868,4073,9
1869,4074,3
1870,4075,3
1871,4076,5
1872,4078,12
1873,4082,5
1874,4089,12
1875,4091,26
1876,4095,5
1877,4098,3
1878,4099,1
1879,4101,3
1880,4102,5
1881,4103,12
1882,4106,1
1883,4107,12
1884,4108,23
1885,4112,25
1886,4114,12
1887,4117,26
1888,4121,9
1889,4123,4
1890,4124,5
1891,4126,8
1892,4127,3
1893,4129,5
1894,4130,3
1895,4132,3
1896,4133,5
1897,4136,5
1898,4137,5
1899,4139,26
1900,4140,26
1901,4142,8
1902,4144,8
1903,4146,5
1904,4147,5
1905,4148,5
1906,4150,5
1907,4152,9
1908,4153,5
1909,4156,5
1910,4157,5
1911,4158,5
1912,4161,5
1913,4164,5
1914,4166,5
1915,4167,25
1916,4168,5
1917,4169,3
1918,4170,5
1919,4174,5
1920,4175,5
1921,4177,3
1922,4178,5
1923,4179,5
1924,4180,5
1925,4181,12
1926,4182,3
1927,4183,3
1928,4184,3
1929,4186,3
1930,4192,12
1931,4193,3
1932,4196,12
1933,4197,12
1934,4198,3
1935,4200,5
1936,4202,5
1937,4203,5
1938,4204,3
1939,4205,5
1940,4210,5
1941,4211,5
1942,4213,5
1943,4215,12
1944,4216,5
1945,4217,9
1946,4221,9
1947,4222,5
1948,4226,17
1949,4229,5
1950,4230,12
1951,4231,5
1952,4232,5
1953,4233,12
1954,4234,9
1955,4236,5
1956,4239,1
1957,4240,5
1958,4241,5
1959,4242,12
1960,4243,4
1961,4246,5
1962,4248,5
1963,4253,12
1964,4255,3
1965,4257,9
1966,4259,5
1967,4260,1
1968,4262,1
1969,4266,5
1970,4269,8
1971,4271,12
1972,4272,12
1973,4274,12
1974,4276,25
1975,4278,5
1976,4279,12
1977,4283,5
1978,4284,12
1979,4288,3
1980,4289,5
1981,4290,5
1982,4291,12
1983,4293,8
1984,4294,3
1985,4296,12
1986,4297,1
1987,4300,1
1988,4301,4
1989,4302,8
1990,4304,3
1991,4305,25
1992,4306,26
1993,4309,4
1994,4310,17
1995,4311,12
1996,4313,9
1997,4314,12
1998,4320,26
1999,4321,5
2000,4327,12
2001,4331,26
2002,4333,12
2003,4344,12
2004,4347,12
2005,4350,26
2006,4360,12
2007,4364,12
2008,4366,26
2009,4369,5
2010,4464,12
2011,4506,12
2012,4507,12
2013,4510,1
2014,4513,12
2015,4514,12
2016,4517,12
2017,4518,12
2018,4521,12
2019,4522,12
2020,4523,12
2021,4525,12
2022,4526,12
2023,4527,12
2024,4528,12
2025,4530,12
2026,4536,5
2027,4537,12
2028,4538,26
2029,4540,12
2030,4545,26
2031,4551,5
2032,4555,5
2033,4567,9
2034,4581,12
2035,4586,12
2036,4599,8
2037,4616,12
2038,4622,5
2039,4631,25
2040,4636,12
2041,4638,12
2042,4648,12
2043,4658,12
2044,4665,12
2045,4666,12
2046,4668,5
2047,4678,8
2048,4679,5
2049,4682,26
2050,4692,12
2051,4699,12
2052,4703,12
2053,4709,5
2054,4720,12
2055,4721,12
2056,4733,1
2057,4739,26
2058,4749,26
2059,4750,5
2060,4759,12
2061,4763,17
2062,4769,26
2063,4771,5
2064,4772,5
2065,4773,5
2066,4774,4
2067,4775,26
2068,4790,4
2069,4791,1
2070,4793,1
2071,4799,26
2072,4801,12
2073,4802,1
2074,4808,5
2075,4809,12
2076,4810,26
2077,4812,12
2078,4834,12
2079,4835,12
2080,4836,12
2081,4838,12
2082,4839,12
2083,4840,5
2084,4841,5
2085,4842,5
2086,4843,5
2087,4844,12
2088,4852,12
2089,4854,12
2090,4858,5
2091,4860,5
2092,4861,12
2093,4862,12
2094,4865,12
2095,4867,12
2096,4869,26
2097,4874,5
2098,4879,12
2099,4883,12
2100,4884,12
2101,4887,12
2102,4893,4
2103,4898,4
2104,4899,4
2105,4902,25
2106,4907,4
2107,4922,12
2108,4923,26
2109,4930,9
2110,4933,12
2111,4938,12
2112,4949,12
2113,4950,12
2114,4951,26
2115,4952,26
2116,4953,12
2117,4959,25
2118,4965,26
2119,4966,12
2120,4970,5
2121,4985,12
2122,5012,9
2123,5024,12
2124,5028,12
2125,5035,12
2126,5040,12
2127,5046,12
2128,5055,12
2129,5057,12
2130,5058,5
2131,5065,5
2132,5067,3
2133,5071,12
2134,5078,9
2135,5092,12
2136,5095,12
2137,5096,12
2138,5097,12
2139,5103,9
2140,5105,1
2141,5111,12
2142,5113,12
2143,5118,12
2144,5120,12
2145,5123,5
2146,5124,25
2147,5136,13
2148,5142,13
2149,5147,18
2150,5151,13
2151,5154,13
2152,5158,13
2153,5168,13
2154,5169,13
2155,5178,13
2156,5181,13
2157,5184,18
2158,5187,13
2159,5189,13
2160,5198,13
2161,5209,1
2162,5212,9
2163,5217,13
2164,5218,13
2165,5220,1
2166,5313,18
2167,5322,18
2168,5348,4
2169,5370,12
2170,5401,1
2171,5466,9
2172,5471,9
2173,5528,9
2174,5575,1
2175,5576,1
2176,5578,1
2177,5587,9
2178,5595,18
2179,5598,1
2180,5612,17
2181,5669,25
2182,5671,1
2183,5684,1
2184,5687,1
2185,5692,1
2186,5711,18
2187,5722,9
2188,5760,4
2189,5770,1
2190,5774,9
2191,5794,1
2192,5812,25
2193,5819,1
2194,5860,4
2195,5875,1
2196,5899,4
2197,6159,9
2198,6211,1
2199,6236,18
2200,6311,4
2201,6350,17
2202,6359,17
2203,6361,18
2204,6371,18
2205,6376,18
2206,6389,1
2207,6407,9
2208,6417,25
2209,6440,9
2210,6452,9
2211,6461,1
2212,6467,1
2213,6478,9
2214,6486,17
2215,6487,9
2216,6495,9
2217,6512,1
2218,6515,1
2219,6521,1
2220,6523,17
2221,6536,17
2222,6550,1
2223,6560,9
2224,6562,1
2225,6565,9
2226,6572,18
2227,6573,17
2228,6585,9
2229,6595,1
2230,6600,9
2231,6608,9
2232,6610,1
2233,6635,17
2234,6636,3
2235,6644,9
2236,6668,18
2237,6673,18
2238,6675,1
2239,6680,9
2240,6701,1
2241,6709,1
2242,6744,17
2243,6752,9
2244,6800,9
2245,6804,17
2246,6856,9
2247,6969,23
2248,6972,1
2249,6995,9
2250,7045,1
2251,7085,9
2252,7101,9
2253,7110,1
2254,7229,1
2255,7273,1
2256,7321,9
2257,7364,9
2258,7423,17
2259,7425,1
2260,7454,9
2261,7526,9
2262,7597,9
2263,7604,9
2264,7610,1
2265,7630,9
2266,7634,1
2267,7655,9
2268,7671,18
2269,7699,9
2270,7709,17
2271,7735,1
2272,7753,17
2273,7868,17
2274,7884,17
2275,7918,17
2276,7974,17
2277,7994,25
2278,8004,1
2279,8019,17
2280,8032,17
2281,8051,1
2282,8105,17
2283,8175,17
2284,8180,9
2285,8230,17
2286,8314,9
2287,8322,1
2288,8325,1
2289,8370,9
2290,8378,25
2291,8405,1
2292,8424,17
2293,8429,9
2294,8454,9
2295,8457,9
2296,8620,9
2297,8642,1
2298,8774,9
2299,8793,17
2300,8794,9
2301,8802,13
2302,8804,9
2303,8806,18
2304,8855,9
2305,8862,9
2306,8904,3
2307,8905,25
2308,8915,12
2309,8916,12
2310,8938,12
2311,8940,3
2312,8987,9
2313,9011,8
2314,9025,23
2315,9038,1
2316,9056,5
2317,9058,23
2318,9071,3
2319,9081,25
2320,9086,12
2321,9100,9
2322,9345,1
2323,9647,4
2324,9785,17
2325,10178,19
2326,10257,5
2327,10259,12
2328,10276,5
2329,10281,5
2330,10282,12
2331,10283,5
2332,10284,12
2333,10285,5
2334,10293,5
2335,10296,5
2336,10304,12
2337,10305,12
2338,10308,12
2339,10331,5
2340,10333,5
2341,10340,9
2342,10353,12
2343,10360,5
2344,10361,5
2345,10370,3
2346,10395,12
2347,10396,5
2348,10530,12
2349,10551,5
2350,10598,5
2351,10611,5
2352,10612,9
2353,10617,5
2354,10625,5
2355,10627,5
2356,10628,5
2357,10630,4
2358,10632,12
2359,10635,9
2360,10647,27
2361,10649,12
2362,10653,26
2363,10654,17
2364,10657,26
2365,10660,13
2366,10678,12
2367,10687,12
2368,10694,26
2369,10739,17
2370,10746,12
2371,10749,9
2372,10804,26
2373,10830,23
2374,10836,9
2375,10847,17
2376,10877,3
2377,10915,23
2378,10921,17
2379,10923,17
2380,10925,1
2381,10926,4
2382,10930,1
2383,10938,3
2384,10941,1
2385,10943,12
2386,10956,13
2387,10988,9
2388,10998,9
2389,11004,1
2390,11010,9
2391,11011,23
2392,11060,4
2393,11076,3
2394,11080,27
2395,11087,8
2396,11133,23
2397,11148,17
2398,11149,13
2399,11154,13
2400,11176,23
2401,11249,9
2402,11250,12
2403,11251,3
2404,11252,12
2405,11255,25
2406,11282,12
2407,11287,3
2408,11289,3
2409,11293,18
2410,11331,12
2411,11339,5
2412,11396,26
2413,11408,23
2414,11447,17
2415,11501,9
2416,11518,9
2417,11523,3
2418,11525,12
2419,11532,3
2420,11537,12
2421,11541,12
2422,11542,12
2423,11550,12
2424,11552,12
2425,11568,12
2426,11576,12
2427,11577,12
2428,11585,9
2429,11631,5
2430,11633,3
2431,11666,9
2432,11708,3
2433,11761,5
2434,11767,5
2435,11772,9
2436,11777,12
2437,11783,5
2438,11798,17
2439,11829,26
2440,11858,3
2441,11859,3
2442,11863,5
2443,11888,23
2444,11889,23
2445,11893,1
2446,11902,12
2447,11906,25
2448,11919,3
2449,11925,9
2450,11928,5
2451,11930,9
2452,11931,4
2453,11934,4
2454,11935,18
2455,11936,5
2456,11942,5
2457,11947,5
2458,11948,9
2459,11968,5
2460,11995,9
2461,12004,26
2462,12009,9
2463,12011,1
2464,12014,23
2465,12030,3
2466,12035,9
2467,12037,27
2468,12046,3
2469,12111,3
2470,12240,17
2471,12252,3
2472,12297,4
2473,12338,9
2474,12384,25
2475,12486,5
2476,12493,5
2477,12494,5
2478,12495,4
2479,12497,4
2480,12501,5
2481,12502,5
2482,12524,4
2483,12534,23
2484,12535,25
2485,12550,25
2486,12552,12
2487,12611,5
2488,12629,23
2489,12630,5
2490,12631,9
2491,12640,9
2492,12656,4
2493,12662,9
2494,12664,9
2495,12666,12
2496,12676,9
2497,12716,5
2498,12718,5
2499,12720,9
2500,12722,9
2501,12726,23
2502,12738,3
2503,12739,3
2504,12741,3
2505,12768,5
2506,12779,1
2507,12782,26
2508,12805,4
2509,12822,4
2510,12845,12
2511,12847,3
2512,12856,12
2513,12880,12
2514,12928,12
2515,12936,5
2516,12938,3
2517,12946,3
2518,12948,3
2519,12949,3
2520,12950,4
2521,12956,26
2522,12959,3
2523,12960,9
2524,12967,25
2525,12983,1
2526,12990,3
2527,12992,9
2528,13004,9
2529,13012,23
2530,13014,5
2531,13019,3
2532,13021,12
2533,13065,12
2534,13070,12
2535,13072,12
2536,13075,25
2537,13097,12
2538,13138,1
2539,13145,5
2540,13157,12
2541,13160,12
2542,13163,5
2543,13167,5
2544,13169,23
2545,13177,1
2546,13187,12
2547,13207,4
2548,13223,26
2549,13233,3
2550,13259,1
2551,13292,8
2552,13298,1
2553,13300,17
2554,13309,3
2555,13362,12
2556,13363,23
2557,13369,12
2558,13371,9
2559,13381,17
2560,13406,1
2561,13417,5
2562,13418,3
2563,13429,1
2564,13430,25
2565,13434,5
2566,13451,9
2567,13463,25
2568,13468,3
2569,13496,17
2570,13511,3
2571,13530,9
2572,13536,8
2573,13626,23
2574,13639,3
2575,13647,25
2576,13653,1
2577,13661,5
2578,13666,5
2579,13681,9
2580,13682,5
2581,13685,26
2582,13686,17
2583,13695,3
2584,13699,5
2585,13700,12
2586,13734,5
2587,13735,5
2588,13736,5
2589,13737,5
2590,13739,9
2591,13740,4
2592,13752,26
2593,13761,5
2594,13762,26
2595,13763,5
2596,13767,5
2597,13771,12
2598,13772,5
2599,13773,3
2600,13774,5
2601,13799,18
2602,13804,3
2603,13805,5
2604,13808,5
2605,13826,5
2606,13829,3
2607,13834,5
2608,13835,12
2609,13837,5
2610,13843,12
2611,13847,12
2612,13858,5
2613,13861,5
2614,13862,5
2615,13863,5
2616,13864,5
2617,13867,5
2618,13868,5
2619,13869,5
2620,13870,5
2621,13873,3
2622,13874,5
2623,13880,9
2624,13885,12
2625,13889,12
2626,13890,5
2627,13891,5
2628,13892,5
2629,13893,5
2630,13894,5
2631,13897,5
2632,13899,5
2633,13900,5
2634,13901,5
2635,13904,5
2636,13909,9
2637,13917,5
2638,13920,27
2639,13922,5
2640,13923,5
2641,13925,5
2642,13926,8
2643,13927,5
2644,13928,5
2645,13929,5
2646,13930,5
2647,13931,5
2648,13932,5
2649,13933,5
2650,13935,5
2651,13937,5
2652,13938,5
2653,13939,5
2654,13941,5
2655,13942,5
2656,13945,5
2657,13950,5
2658,13952,5
2659,13954,5
2660,13961,3
2661,13962,3
2662,13964,5
2663,13965,5
2664,13966,5
2665,13967,5
2666,13968,27
2667,13974,5
2668,13982,5
2669,13987,12
2670,13989,26
2671,13990,5
2672,13991,5
2673,13992,5
2674,13995,5
2675,14005,3
2676,14010,5
2677,14015,5
2678,14026,5
2679,14028,5
2680,14029,5
2681,14031,12
2682,14032,5
2683,14033,5
2684,14034,5
2685,14035,5
2686,14038,5
2687,14039,5
2688,14041,5
2689,14042,5
2690,14043,5
2691,14044,5
2692,14046,26
2693,14048,5
2694,14051,5
2695,14052,17
2696,14054,5
2697,14056,26
2698,14059,26
2699,14079,5
2700,14081,5
2701,14082,5
2702,14084,12
2703,14085,5
2704,14086,5
2705,14087,12
2706,14088,5
2707,14089,5
2708,14090,5
2709,14091,25
2710,14094,5
2711,14098,5
2712,14101,26
2713,14112,8
2714,14119,8
2715,14122,9
2716,14123,12
2717,14124,5
2718,14126,5
2719,14128,9
2720,14129,5
2721,14138,5
2722,14155,5
2723,14158,5
2724,14160,5
2725,14162,5
2726,14166,5
2727,14179,5
2728,14180,5
2729,14181,5
2730,14182,5
2731,14183,5
2732,14184,5
2733,14185,5
2734,14186,5
2735,14188,5
2736,14191,5
2737,14199,5
2738,14200,5
2739,14201,5
2740,14202,5
2741,14203,5
2742,14204,3
2743,14206,5
2744,14208,5
2745,14217,5
2746,14219,9
2747,14230,5
2748,14231,5
2749,14232,12
2750,14234,5
2751,14235,5
2752,14236,5
2753,14257,23
2754,14259,26
2755,14260,12
2756,14263,12
2757,14267,3
2758,14268,23
2759,14276,1
2760,14277,5
2761,14282,3
2762,14286,12
2763,14295,12
2764,14296,5
2765,14298,13
2766,14299,8
2767,14300,3
2768,14324,8
2769,14325,8
2770,14326,5
2771,14330,13
2772,14335,9
2773,14339,5
2774,14343,26
2775,14351,9
2776,14361,23
2777,14373,20
2778,14374,3
2779,14388,12
2780,14414,25
2781,14419,12
2782,14421,12
2783,14423,1
2784,14456,3
2785,14460,3
2786,14474,5
2787,14475,26
2788,14476,3
2789,14477,5
2790,14480,25
2791,14493,13
2792,14496,9
2793,14498,4
2794,14499,5
2795,14507,3
2796,14511,5
2797,14517,4
2798,14518,4
2799,14539,4
2800,14543,9
2801,14563,3
2802,14565,12
2803,14567,5
2804,14571,25
2805,14574,25
2806,14598,5
2807,14603,12
2808,14604,3
2809,14620,1
2810,14627,5
2811,14629,1
2812,14633,3
2813,14653,23
2814,14654,5
2815,14660,13
2816,14669,1
2817,14676,13
2818,14677,5
2819,14679,17
2820,14683,9
2821,14684,9
2822,14687,4
2823,14688,25
2824,14721,1
2825,14728,5
2826,14729,25
2827,14730,5
2828,14738,12
2829,14743,8
2830,14755,18
2831,14758,9
2832,14778,25
2833,14786,5
2834,14788,5
2835,14790,5
2836,14793,5
2837,14794,4
2838,14795,25
2839,14796,5
2840,14797,5
2841,14798,5
2842,14800,5
2843,14803,5
2844,14806,5
2845,14807,5
2846,14813,5
2847,14814,5
2848,14816,5
2849,14817,5
2850,14818,5
2851,14819,5
2852,14821,5
2853,14822,5
2854,14830,5
2855,14831,5
2856,14833,5
2857,14835,5
2858,14836,5
2859,14837,5
2860,14838,5
2861,14840,5
2862,14841,5
2863,14842,5
2864,14844,5
2865,14845,5
2866,14846,5
2867,14848,5
2868,14850,5
2869,14851,5
2870,14852,5
2871,14854,5
2872,14856,5
2873,14857,5
2874,14858,5
2875,14860,5
2876,14861,5
2877,14862,5
2878,14864,5
2879,14865,5
2880,14866,5
2881,14869,5
2882,14870,5
2883,14872,5
2884,14873,5
2885,14874,5
2886,14876,5
2887,14878,5
2888,14879,5
2889,14880,5
2890,14883,5
2891,14884,5
2892,14885,5
2893,14889,12
2894,14893,5
2895,14894,5
2896,14895,5
2897,14896,5
2898,14897,5
2899,14900,5
2900,14901,5
2901,14902,5
2902,14904,5
2903,14912,4
2904,14916,9
2905,14920,4
2906,14927,4
2907,14933,4
2908,14937,4
2909,14943,1
2910,14959,4
2911,14960,5
2912,14963,5
2913,14967,5
2914,14968,5
2915,14969,5
2916,14970,5
2917,14971,26
2918,14972,5
2919,14973,5
2920,14978,5
2921,14984,5
2922,14985,5
2923,14986,5
2924,14987,5
2925,14988,5
2926,14989,5
2927,14991,4
2928,15001,4
2929,15004,9
2930,15008,4
2931,15016,9
2932,15029,4
2933,15033,9
2934,15062,5
2935,15075,5
2936,15076,5
2937,15077,5
2938,15078,5
2939,15079,5
2940,15081,5
2941,15088,26
2942,15089,3
2943,15090,3
2944,15091,12
2945,15092,26
2946,15096,3
2947,15111,1
2948,15118,3
2949,15119,13
2950,15125,9
2951,15139,12
2952,15140,12
2953,15141,18
2954,15143,26
2955,15152,3
2956,15155,5
2957,15158,5
2958,15159,5
2959,15161,25
2960,15172,25
2961,15182,12
2962,15189,5
2963,15191,12
2964,15192,3
2965,15197,8
2966,15198,18
2967,15232,3
2968,15249,26
2969,15258,8
2970,15262,5
2971,15263,5
2972,15265,8
2973,15271,25
2974,15272,26
2975,15274,12
2976,15275,9
2977,15276,26
2978,15279,12
2979,15280,26
2980,15283,5
2981,15284,12
2982,15285,26
2983,15286,5
2984,15295,26
2985,15297,26
2986,15298,26
2987,15301,26
2988,15302,26
2989,15306,26
2990,15313,17
2991,15319,26
2992,15320,26
2993,15321,26
2994,15331,26
2995,15332,5
2996,15343,5
2997,15344,26
2998,15345,5
2999,15346,12
3000,15347,5
3001,15349,5
3002,15351,5
3003,15352,5
3004,15353,13
3005,15354,5
3006,15355,5
3007,15365,5
3008,15369,27
3009,15377,1
3010,15382,9
3011,15388,5
3012,15389,5
3013,15391,5
3014,15394,1
3015,15401,9
3016,15425,3
3017,15431,5
3018,15436,5
3019,15442,25
3020,15447,12
3021,15451,4
3022,15459,26
3023,15460,12
3024,15464,26
3025,15466,12
3026,15467,25
3027,15469,5
3028,15470,12
3029,15475,27
3030,15482,5
3031,15494,25
3032,15510,4
3033,15511,9
3034,15513,5
3035,15518,18
3036,15522,5
3037,15530,5
3038,15532,5
3039,15541,25
3040,15542,25
3041,15543,25
3042,15552,5
3043,15554,5
3044,15555,25
3045,15556,25
3046,15557,25
3047,15559,25
3048,15560,25
3049,15561,25
3050,15562,25
3051,15569,3
3052,15570,5
3053,15571,8
3054,15572,5
3055,15573,5
3056,15577,4
3057,15579,25
3058,15585,13
3059,15586,13
3060,15593,1
3061,15595,5
3062,15596,9
3063,15597,13
3064,15598,26
3065,15601,5
3066,15603,5
3067,15605,9
3068,15606,5
3069,15607,5
3070,15618,5
3071,15619,18
3072,15640,3
3073,15645,18
3074,15654,3
3075,15659,12
3076,15663,12
3077,15676,5
3078,15682,1
3079,15691,5
3080,15695,12
3081,15697,5
3082,15698,4
3083,15719,4
3084,15722,18
3085,15725,25
3086,15727,5
3087,15728,5
3088,15730,5
3089,15735,5
3090,15736,9
3091,15745,8
3092,15759,5
3093,15763,5
3094,15769,3
3095,15773,9
3096,15775,26
3097,15781,9
3098,15787,1
3099,15823,12
3100,15848,5
3101,15857,5
3102,15864,4
3103,15865,5
3104,15866,5
3105,15869,1
3106,15871,8
3107,15872,4
3108,15876,8
3109,15880,4
3110,15883,3
3111,15888,4
3112,15890,9
3113,15894,4
3114,15908,9
3115,15914,4
3116,15918,26
3117,15920,12
3118,15941,12
3119,15942,9
3120,15956,4
3121,15973,3
3122,15977,3
3123,16016,5
3124,16019,5
3125,16027,5
3126,16028,5
3127,16030,5
3128,16031,5
3129,16032,5
3130,16033,5
3131,16035,5
3132,16036,5
3133,16038,5
3134,16040,5
3135,16045,5
3136,16046,26
3137,16047,5
3138,16048,5
3139,16049,5
3140,16050,12
3141,16051,5
3142,16053,26
3143,16055,12
3144,16056,5
3145,16057,12
3146,16058,5
3147,16059,5
3148,16063,26
3149,16064,4
3150,16065,9
3151,16076,5
3152,16079,8
3153,16080,12
3154,16082,26
3155,16084,5
3156,16090,3
3157,16093,8
3158,16102,26
3159,16105,5
3160,16110,5
3161,16112,26
3162,16120,26
3163,16121,3
3164,16125,8
3165,16126,12
3166,16127,26
3167,16129,26
3168,16135,5
3169,16137,26
3170,16140,26
3171,16146,26
3172,16148,5
3173,16149,5
3174,16153,25
3175,16154,26
3176,16155,12
3177,16157,5
3178,16159,26
3179,16161,12
3180,16162,26
3181,16168,3
3182,16169,5
3183,16170,26
3184,16172,5
3185,16176,26
3186,16181,26
3187,16186,26
3188,16191,3
3189,16192,3
3190,16193,8
3191,16195,26
3192,16212,3
3193,16214,12
3194,16234,9
3195,16236,3
3196,16238,5
3197,16244,3
3198,16245,18
3199,16246,5
3200,16249,12
3201,16252,26
3202,16263,5
3203,16265,5
3204,16266,5
3205,16267,5
3206,16273,5
3207,16275,18
3208,16276,25
3209,16279,8
3210,16284,5
3211,16285,1
3212,16287,8
3213,16288,9
3214,16289,1
3215,16294,8
3216,16302,9
3217,16305,5
3218,16306,8
3219,16308,12
3220,16309,5
3221,16310,5
3222,16311,5
3223,16312,5
3224,16317,25
3225,16318,5
3226,16319,9
3227,16325,5
3228,16326,5
3229,16327,5
3230,16342,5
3231,16344,5
3232,16345,5
3233,16347,26
3234,16348,5
3235,16349,5
3236,16350,5
3237,16356,3
3238,16357,5
3239,16358,5
3240,16360,5
3241,16361,5
3242,16362,5
3243,16363,5
3244,16369,9
3245,16370,26
3246,16371,5
3247,16375,5
3248,16377,5
3249,16378,5
3250,16379,5
3251,16380,4
3252,16381,12
3253,16382,9
3254,16384,9
3255,16385,26
3256,16390,5
3257,16392,5
3258,16396,12
3259,16398,9
3260,16399,8
3261,16401,5
3262,16411,1
3263,16413,5
3264,16414,5
3265,16417,26
3266,16419,8
3267,16420,5
3268,16421,8
3269,16427,5
3270,16429,5
3271,16432,5
3272,16436,9
3273,16438,5
3274,16439,8
3275,16441,8
3276,16447,12
3277,16450,12
3278,16451,26
3279,16452,9
3280,16460,5
3281,16481,25
3282,16485,26
3283,16487,26
3284,16488,26
3285,16489,26
3286,16491,5
3287,16493,5
3288,16496,4
3289,16499,5
3290,16507,8
3291,16508,9
3292,16513,26
3293,16516,5
3294,16517,9
3295,16518,3
3296,16520,3
3297,16525,5
3298,16535,5
3299,16536,12
3300,16541,5
3301,16545,26
3302,16560,5
3303,16562,12
3304,16568,5
3305,16574,5
3306,16575,5
3307,16576,5
3308,16578,3
3309,16579,3
3310,16586,5
3311,16591,5
3312,16593,5
3313,16594,5
3314,16596,3
3315,16598,5
3316,16599,3
3317,16600,5
3318,16604,5
3319,16606,5
3320,16608,5
3321,16609,5
3322,16610,5
3323,16611,18
3324,16615,5
3325,16621,1
3326,16622,5
3327,16630,3
3328,16638,12
3329,16645,12
3330,16646,5
3331,16647,12
3332,16648,12
3333,16650,12
3334,16660,5
3335,16661,5
3336,16664,5
3337,16666,5
3338,16686,8
3339,16726,9
3340,16733,5
3341,16743,4
3342,16750,12
3343,16757,9
3344,16766,12
3345,16783,5
3346,16790,5
3347,16795,8
3348,16801,1
3349,16807,9
3350,16809,23
3351,16825,18
3352,16831,12
3353,16876,5
3354,16878,12
3355,16879,9
3356,16887,17
3357,16894,5
3358,16895,5
3359,16898,5
3360,16899,26
3361,16907,9
3362,16911,23
3363,16937,3
3364,16954,5
3365,16973,3
3366,16981,9
3367,17012,3
3368,17016,17
3369,17021,5
3370,17028,12
3371,17031,9
3372,17037,9
3373,17043,25
3374,17046,5
3375,17048,9
3376,17049,5
3377,17051,1
3378,17057,4
3379,17075,4
3380,17085,12
3381,17089,9
3382,17091,5
3383,17093,3
3384,17094,5
3385,17095,26
3386,17096,5
3387,17098,19
3388,17103,4
3389,17116,5
3390,17117,5
3391,17118,5
3392,17125,25
3393,17126,9
3394,17128,5
3395,17129,9
3396,17131,8
3397,17133,26
3398,17136,25
3399,17138,25
3400,17143,9
3401,17144,8
3402,17145,4
3403,17146,18
3404,17147,9
3405,17150,26
3406,17154,12
3407,17160,25
3408,17161,5
3409,17162,25
3410,17168,1
3411,17170,5
3412,17176,4
3413,17179,5
3414,17182,9
3415,17187,9
3416,17188,26
3417,17194,5
3418,17196,8
3419,17213,9
3420,17227,9
3421,17229,26
3422,17231,9
3423,17238,9
3424,17239,1
3425,17244,12
3426,17246,9
3427,17249,5
3428,17270,5
3429,17274,5
3430,17277,5
3431,17278,5
3432,17281,5
3433,17285,12
3434,17286,5
3435,17287,5
3436,17288,5
3437,17303,3
3438,17310,9
3439,17320,5
3440,17326,5
3441,17327,5
3442,17333,5
3443,17339,5
3444,17340,5
3445,17342,5
3446,17343,5
3447,17344,5
3448,17345,5
3449,17350,9
3450,17351,12
3451,17353,17
3452,17359,5
3453,17367,5
3454,17368,5
3455,17369,5
3456,17370,5
3457,17371,5
3458,17373,5
3459,17374,12
3460,17375,5
3461,17376,5
3462,17378,5
3463,17379,5
3464,17380,5
3465,17381,5
3466,17383,5
3467,17384,5
3468,17386,5
3469,17388,5
3470,17389,5
3471,17391,5
3472,17393,5
3473,17399,26
3474,17400,5
3475,17402,5
3476,17403,5
3477,17405,5
3478,17406,5
3479,17407,5
3480,17408,5
3481,17409,5
3482,17410,5
3483,17411,5
3484,17413,5
3485,17414,5
3486,17415,5
3487,17416,5
3488,17417,5
3489,17419,5
3490,17420,5
3491,17421,5
3492,17422,5
3493,17423,5
3494,17424,5
3495,17426,5
3496,17427,5
3497,17432,5
3498,17434,5
3499,17436,5
3500,17437,5
3501,17439,5
3502,17440,9
3503,17442,5
3504,17444,5
3505,17445,5
3506,17446,5
3507,17447,5
3508,17448,5
3509,17449,5
3510,17450,5
3511,17451,5
3512,17452,5
3513,17454,5
3514,17456,25
3515,17465,5
3516,17478,8
3517,17480,9
3518,17483,5
3519,17484,5
3520,17486,5
3521,17490,18
3522,17493,12
3523,17495,9
3524,17498,5
3525,17506,23
3526,17507,5
3527,17508,5
3528,17513,25
3529,17516,8
3530,17522,26
3531,17524,12
3532,17525,5
3533,17526,5
3534,17544,5
3535,17545,26
3536,17547,5
3537,17555,5
3538,17556,12
3539,17577,8
3540,17607,9
3541,17628,4
3542,17644,1
3543,17649,9
3544,17655,12
3545,17657,9
3546,17751,23
3547,17752,3
3548,17785,9
3549,17789,8
3550,17797,5
3551,17798,5
3552,17800,5
3553,17815,12
3554,17854,8
3555,17889,1
3556,17891,4
3557,17894,12
3558,17914,5
3559,17915,5
3560,17916,5
3561,17917,5
3562,17918,5
3563,17919,5
3564,17921,5
3565,17923,5
3566,17924,5
3567,17928,5
3568,17929,5
3569,17930,5
3570,17931,5
3571,17932,5
3572,17933,5
3573,17934,5
3574,17936,5
3575,17937,5
3576,17938,5
3577,17939,5
3578,17940,5
3579,17941,5
3580,17942,5
3581,17943,5
3582,17944,5
3583,17945,5
3584,17946,5
3585,17950,5
3586,17951,5
3587,17952,5
3588,17953,5
3589,17958,5
3590,17960,5
3591,17961,5
3592,17962,5
3593,17963,5
3594,17966,5
3595,17968,5
3596,17970,5
3597,17971,5
3598,17973,5
3599,17974,5
3600,17978,5
3601,17979,5
3602,17982,5
3603,17983,5
3604,17989,5
3605,17990,5
3606,17991,5
3607,17992,12
3608,17995,5
3609,17998,5
3610,18006,5
3611,18023,23
3612,18031,5
3613,18034,9
3614,18036,8
3615,18037,8
3616,18040,5
3617,18050,5
3618,18056,5
3619,18057,4
3620,18066,5
3621,18067,5
3622,18068,5
3623,18069,5
3624,18070,5
3625,18071,5
3626,18073,5
3627,18078,3
3628,18084,9
3629,18086,13
3630,18101,12
3631,18102,3
3632,18103,12
3633,18104,12
3634,18105,12
3635,18131,3
3636,18135,3
3637,18158,8
3638,18196,5
3639,18205,1
3640,18214,12
3641,18233,9
3642,18234,9
3643,18238,25
3644,18239,1
3645,18240,9
3646,18248,12
3647,18255,4
3648,18262,9
3649,18292,5
3650,18295,26
3651,18297,26
3652,18307,5
3653,18329,5
3654,18334,3
3655,18335,3
3656,18369,23
3657,18393,8
3658,18410,5
3659,18413,9
3660,18419,8
3661,18432,3
3662,18469,20
3663,18498,4
3664,18504,1
3665,18557,5
3666,18561,5
3667,18565,12
3668,18607,12
3669,18622,1
3670,18670,9
3671,18693,9
3672,18717,5
3673,18735,1
3674,18752,4
3675,18759,1
3676,18775,4
3677,18785,5
3678,18792,9
3679,18805,12
3680,18814,8
3681,18817,4
3682,18892,1
3683,18893,3
3684,18910,12
3685,18929,9
3686,18931,12
3687,18939,5
3688,18942,9
3689,18943,5
3690,18945,5
3691,18948,8
3692,18949,5
3693,18950,5
3694,18951,5
3695,18953,3
3696,18954,1
3697,18955,5
3698,18956,3
3699,18958,5
3700,18959,5
3701,18960,3
3702,18961,5
3703,18962,5
3704,18964,5
3705,18966,5
3706,18967,5
3707,18968,5
3708,18980,8
3709,19031,9
3710,19032,9
3711,19034,5
3712,19035,5
3713,19038,1
3714,19048,25
3715,19059,5
3716,19063,1
3717,19071,9
3718,19086,9
3719,19097,3
3720,19107,3
3721,19108,12
3722,19122,8
3723,19123,12
3724,19127,1
3725,19148,3
3726,19154,3
3727,19157,19
3728,19166,20
3729,19172,9
3730,19200,4
3731,19225,20
3732,19332,23
3733,19345,1
3734,19350,8
3735,19388,12
3736,19419,4
3737,19501,9
3738,19517,8
3739,19544,1
3740,19567,25
3741,19594,1
3742,19619,18
3743,19626,9
3744,19732,13
3745,19739,17
3746,19752,1
3747,19767,4
3748,19800,5
3749,19813,12
3750,19867,19
3751,19874,3
3752,19876,3
3753,19912,25
3754,19968,13
3755,19982,26
3756,19996,25
3757,20018,20
3758,20020,20
3759,20037,9
3760,20043,26
3761,20065,8
3762,20082,9
3763,20099,12
3764,20112,4
3765,20113,4
3766,20116,27
3767,20133,8
3768,20139,4
3769,20141,4
3770,20163,5
3771,20170,9
3772,20187,4
3773,20213,9
3774,20217,12
3775,20229,25
3776,20263,3
3777,20306,5
3778,20320,9
3779,20340,12
3780,20345,25
3781,20375,9
3782,20378,4
3783,20381,3
3784,20488,27
3785,20493,12
3786,20519,12
3787,20552,26
3788,20558,26
3789,20580,9
3790,20592,8
3791,20594,26
3792,20597,3
3793,20602,26
3794,20603,26
3795,20610,26
3796,20625,4
3797,20626,4
3798,20630,4
3799,20632,4
3800,20633,4
3801,20634,4
3802,20635,4
3803,20636,4
3804,20641,4
3805,20642,4
3806,20643,4
3807,20646,9
3808,20647,4
3809,20648,4
3810,20650,4
3811,20651,4
3812,20652,4
3813,20653,4
3814,20655,4
3815,20656,4
3816,20657,4
3817,20658,4
3818,20662,4
3819,20666,4
3820,20667,4
3821,20675,4
3822,20676,4
3823,20677,4
3824,20678,1
3825,20679,4
3826,20680,4
3827,20682,4
3828,20683,4
3829,20684,4
3830,20685,4
3831,20687,4
3832,20689,4
3833,20690,4
3834,20691,4
3835,20692,4
3836,20693,4
3837,20694,4
3838,20695,4
3839,20696,4
3840,20697,4
3841,20698,4
3842,20699,4
3843,20701,4
3844,20702,4
3845,20703,4
3846,20705,4
3847,20706,4
3848,20710,4
3849,20711,4
3850,20713,4
3851,20715,4
3852,20716,4
3853,20717,4
3854,20719,4
3855,20722,4
3856,20723,4
3857,20724,4
3858,20725,4
3859,20727,9
3860,20728,4
3861,20730,4
3862,20737,4
3863,20738,1
3864,20741,4
3865,20742,4
3866,20744,4
3867,20745,4
3868,20746,4
3869,20747,4
3870,20772,3
3871,20868,3
3872,20887,12
3873,20893,4
3874,20996,4
3875,20997,4
3876,21068,3
3877,21119,4
3878,21120,4
3879,21121,4
3880,21122,4
3881,21124,4
3882,21125,4
3883,21132,4
3884,21136,4
3885,21137,4
3886,21138,4
3887,21139,4
3888,21141,4
3889,21143,4
3890,21144,4
3891,21145,4
3892,21146,9
3893,21150,25
3894,21151,4
3895,21152,4
3896,21154,9
3897,21156,5
3898,21157,4
3899,21158,4
3900,21159,4
3901,21161,4
3902,21162,4
3903,21163,4
3904,21164,1
3905,21165,4
3906,21166,4
3907,21167,4
3908,21168,4
3909,21169,4
3910,21171,4
3911,21173,4
3912,21177,4
3913,21178,4
3914,21179,4
3915,21180,4
3916,21181,4
3917,21182,4
3918,21183,9
3919,21188,4
3920,21189,4
3921,21190,4
3922,21191,4
3923,21192,4
3924,21193,4
3925,21195,4
3926,21196,4
3927,21197,4
3928,21198,4
3929,21199,4
3930,21200,4
3931,21202,4
3932,21203,4
3933,21204,4
3934,21205,4
3935,21206,4
3936,21207,4
3937,21212,4
3938,21214,4
3939,21215,4
3940,21216,4
3941,21217,4
3942,21218,4
3943,21219,4
3944,21220,4
3945,21222,4
3946,21223,4
3947,21224,4
3948,21225,4
3949,21226,4
3950,21227,4
3951,21228,4
3952,21229,4
3953,21230,4
3954,21231,4
3955,21232,4
3956,21237,4
3957,21238,4
3958,21239,4
3959,21240,4
3960,21242,4
3961,21243,4
3962,21246,4
3963,21247,4
3964,21249,4
3965,21250,4
3966,21251,4
3967,21252,4
3968,21257,4
3969,21258,4
3970,21260,4
3971,21261,4
3972,21263,4
3973,21265,4
3974,21266,4
3975,21267,4
3976,21268,4
3977,21269,4
3978,21270,4
3979,21271,4
3980,21273,4
3981,21275,4
3982,21276,4
3983,21278,4
3984,21280,4
3985,21281,4
3986,21285,4
3987,21287,4
3988,21289,4
3989,21294,9
3990,21295,4
3991,21296,4
3992,21297,4
3993,21298,4
3994,21299,9
3995,21300,4
3996,21301,4
3997,21302,4
3998,21303,9
3999,21304,4
4000,21305,4
4001,21307,4
4002,21308,4
4003,21309,4
4004,21310,4
4005,21311,4
4006,21313,4
4007,21314,4
4008,21315,4
4009,21317,4
4010,21319,4
4011,21320,4
4012,21321,4
4013,21322,4
4014,21323,4
4015,21324,4
4016,21325,4
4017,21326,4
4018,21328,4
4019,21329,4
4020,21330,4
4021,21331,4
4022,21332,4
4023,21333,4
4024,21334,4
4025,21335,4
4026,21336,4
4027,21337,4
4028,21338,4
4029,21339,4
4030,21340,4
4031,21345,26
4032,21367,27
4033,21371,9
4034,21372,4
4035,21379,12
4036,21394,4
4037,21397,4
4038,21413,4
4039,21414,4
4040,21435,4
4041,21442,4
4042,21444,4
4043,21456,4
4044,21486,5
4045,21487,5
4046,21488,5
4047,21490,12
4048,21491,12
4049,21493,12
4050,21495,12
4051,21498,3
4052,21504,8
4053,21515,5
4054,21533,5
4055,21534,5
4056,21541,12
4057,21546,8
4058,21547,8
4059,21553,12
4060,21555,12
4061,21572,3
4062,21596,3
4063,21611,13
4064,21645,26
4065,21867,5
4066,21871,25
4067,21877,9
4068,21878,9
4069,21881,20
4070,21882,9
4071,21908,4
4072,21921,3
4073,21925,3
4074,21933,1
4075,21948,5
4076,21949,1
4077,21955,13
4078,21957,4
4079,21962,26
4080,21963,9
4081,21964,4
4082,21965,9
4083,21966,4
4084,21968,9
4085,21974,9
4086,21975,9
4087,21980,4
4088,21988,9
4089,21989,25
4090,21990,4
4091,21992,4
4092,21994,4
4093,21995,4
4094,21997,4
4095,21998,9
4096,22000,9
4097,22001,9
4098,22004,9
4099,22005,5
4100,22006,9
4101,22007,9
4102,22008,4
4103,22020,8
4104,22022,18
4105,22037,9
4106,22045,4
4107,22051,4
4108,22052,4
4109,22077,20
4110,22079,3
4111,22081,3
4112,22103,4
4113,22124,5
4114,22125,5
4115,22158,9
4116,22186,3
4117,22188,25
4118,22189,12
4119,22196,3
4120,22203,12
4121,22242,18
4122,22287,9
4123,22291,26
4124,22311,3
4125,22342,3
4126,22404,3
4127,22405,3
4128,22416,9
4129,22421,5
4130,22422,9
4131,22449,3
4132,22568,20
4133,22584,4
4134,22631,17
4135,22723,4
4136,22724,9
4137,22725,9
4138,22750,3
4139,22756,5
4140,22848,9
4141,22849,9
4142,22850,9
4143,22873,9
4144,22878,9
4145,22977,26
